{
  "$schema": "https://developer.microsoft.com/json-schemas/spfx-build/package-solution.schema.json",
  "solution": {
    "name": "prompt-buddy-client-side-solution",
    "id": "f77d9f3d-6f2d-4da9-b236-94e79a45e27f",
    "version": "1.0.0.0",
    "includeClientSideAssets": true,
    "skipFeatureDeployment": true,
    "isDomainIsolated": false,
    "developer": {
      "name": "",
      "websiteUrl": "",
      "privacyUrl": "",
      "termsOfUseUrl": "",
      "mpnId": "Undefined-1.21.1"
    },
    "metadata": {
      "shortDescription": {
        "default": "PromptBuddy description"
      },
      "longDescription": {
        "default": "PromptBuddy description"
      },
      "screenshotPaths": [],
      "videoUrl": "",
      "categories": []
    },
    "features": [
      {
        "title": "prompt-buddy Feature",
        "description": "The feature that activates elements of the prompt-buddy solution.",
        "id": "4e1558cc-8736-4442-9dc5-15d5aa6a223c",
        "version": "1.0.0.0"
      }
    ]
  },
  "paths": {
    "zippedPackage": "solution/prompt-buddy.sppkg"
  }
}
